--CLIENTES
insert into CLIENTES (ID, NOMBRE, CORREO, ID_VINCULO) values (1, 'Garek Ivanonko', 'givanonko0@amazon.co.uk', 'Estudiante');
insert into CLIENTES (ID, NOMBRE, CORREO, ID_VINCULO) values (2, 'Andra Drinnan', 'adrinnan1@mapquest.com', 'Empleado');
insert into CLIENTES (ID, NOMBRE, CORREO, ID_VINCULO) values (3, 'Toby Calladine', 'tcalladine2@japanpost.jp', 'Egresado');
insert into CLIENTES (ID, NOMBRE, CORREO, ID_VINCULO) values (4, 'Jobi Grombridge', 'jgrombridge3@rambler.ru', 'Egresado');
insert into CLIENTES (ID, NOMBRE, CORREO, ID_VINCULO) values (5, 'Pauly Smeath', 'psmeath4@goodreads.com', 'Profesor');
insert into CLIENTES (ID, NOMBRE, CORREO, ID_VINCULO) values (6, 'Mellicent Riby', 'mriby5@elpais.com', 'Profesor');
insert into CLIENTES (ID, NOMBRE, CORREO, ID_VINCULO) values (7, 'Malia Elderkin', 'melderkin6@china.com.cn', 'Profesor');
insert into CLIENTES (ID, NOMBRE, CORREO, ID_VINCULO) values (8, 'Kristen Quantick', 'kquantick7@msu.edu', 'Estudiante');
insert into CLIENTES (ID, NOMBRE, CORREO, ID_VINCULO) values (9, 'Maude Yukhnev', 'myukhnev8@jugem.jp', 'Empleado');
insert into CLIENTES (ID, NOMBRE, CORREO, ID_VINCULO) values (10, 'Vikky Giottoi', 'vgiottoi9@yale.edu', 'Egresado');
insert into CLIENTES (ID, NOMBRE, CORREO, ID_VINCULO) values (11, 'Glennis Clout', 'gclouta@huffingtonpost.com', 'Empleado');
insert into CLIENTES (ID, NOMBRE, CORREO, ID_VINCULO) values (12, 'Kristy Keoghane', 'kkeoghaneb@npr.org', 'Estudiante');
insert into CLIENTES (ID, NOMBRE, CORREO, ID_VINCULO) values (13, 'Victor Athey', 'vatheyc@youtu.be', 'Egresado');
insert into CLIENTES (ID, NOMBRE, CORREO, ID_VINCULO) values (14, 'Pauly Djekovic', 'pdjekovicd@youtu.be', 'Egresado');
insert into CLIENTES (ID, NOMBRE, CORREO, ID_VINCULO) values (15, 'Lenette Densham', 'ldenshame@behance.net', 'Egresado');
insert into CLIENTES (ID, NOMBRE, CORREO, ID_VINCULO) values (16, 'Mozelle Taaffe', 'mtaaffef@ehow.com', 'Profesor');
insert into CLIENTES (ID, NOMBRE, CORREO, ID_VINCULO) values (17, 'Darnall Chace', 'dchaceg@addthis.com', 'Profesor');
insert into CLIENTES (ID, NOMBRE, CORREO, ID_VINCULO) values (18, 'Lelah Diack', 'ldiackh@bloglovin.com', 'Egresado');
insert into CLIENTES (ID, NOMBRE, CORREO, ID_VINCULO) values (19, 'Greg Jeves', 'gjevesi@trellian.com', 'Empleado');
insert into CLIENTES (ID, NOMBRE, CORREO, ID_VINCULO) values (20, 'Dru Paunton', 'dpauntonj@craigslist.org', 'Empleado');
insert into CLIENTES (ID, NOMBRE, CORREO, ID_VINCULO) values (21, 'Christy Ramsden', 'cramsdenk@guardian.co.uk', 'Egresado');
insert into CLIENTES (ID, NOMBRE, CORREO, ID_VINCULO) values (22, 'Arda Banbrick', 'abanbrickl@live.com', 'Empleado');
insert into CLIENTES (ID, NOMBRE, CORREO, ID_VINCULO) values (23, 'Eamon Pullan', 'epullanm@prnewswire.com', 'Estudiante');
insert into CLIENTES (ID, NOMBRE, CORREO, ID_VINCULO) values (24, 'Christoph Whapples', 'cwhapplesn@twitter.com', 'Estudiante');
insert into CLIENTES (ID, NOMBRE, CORREO, ID_VINCULO) values (25, 'Olenka Phelp', 'ophelpo@unicef.org', 'Egresado');
insert into CLIENTES (ID, NOMBRE, CORREO, ID_VINCULO) values (26, 'Casar Braz', 'cbrazp@yellowpages.com', 'Profesor');
insert into CLIENTES (ID, NOMBRE, CORREO, ID_VINCULO) values (27, 'Coreen Stivey', 'cstiveyq@wsj.com', 'Empleado');
insert into CLIENTES (ID, NOMBRE, CORREO, ID_VINCULO) values (28, 'Consuela Humphrey', 'chumphreyr@list-manage.com', 'Empleado');
insert into CLIENTES (ID, NOMBRE, CORREO, ID_VINCULO) values (29, 'Guglielmo Grushin', 'ggrushins@4shared.com', 'Egresado');
insert into CLIENTES (ID, NOMBRE, CORREO, ID_VINCULO) values (30, 'Kipper Dubery', 'kduberyt@icq.com', 'Estudiante');
insert into CLIENTES (ID, NOMBRE, CORREO, ID_VINCULO) values (31, 'Edik Plummer', 'eplummeru@netvibes.com', 'Estudiante');
insert into CLIENTES (ID, NOMBRE, CORREO, ID_VINCULO) values (32, 'Melicent Sugars', 'msugarsv@senate.gov', 'Estudiante');
insert into CLIENTES (ID, NOMBRE, CORREO, ID_VINCULO) values (33, 'Brandice Caile', 'bcailew@ehow.com', 'Estudiante');
insert into CLIENTES (ID, NOMBRE, CORREO, ID_VINCULO) values (34, 'Taite Gair', 'tgairx@nba.com', 'Empleado');
insert into CLIENTES (ID, NOMBRE, CORREO, ID_VINCULO) values (35, 'Gabrielle Crust', 'gcrusty@scientificamerican.com', 'Profesor');
insert into CLIENTES (ID, NOMBRE, CORREO, ID_VINCULO) values (36, 'Lorna Assur', 'lassurz@tmall.com', 'Profesor');
insert into CLIENTES (ID, NOMBRE, CORREO, ID_VINCULO) values (37, 'Morgen Reichert', 'mreichert10@washingtonpost.com', 'Empleado');
insert into CLIENTES (ID, NOMBRE, CORREO, ID_VINCULO) values (38, 'Rosabella McCorry', 'rmccorry11@blinklist.com', 'Egresado');
insert into CLIENTES (ID, NOMBRE, CORREO, ID_VINCULO) values (39, 'Susanetta Rust', 'srust12@mozilla.org', 'Empleado');
insert into CLIENTES (ID, NOMBRE, CORREO, ID_VINCULO) values (40, 'Luciano Chantillon', 'lchantillon13@plala.or.jp', 'Egresado');

--OPERADORES
insert into OPERADORES (ID, NOMBRE, CORREO, ID_VINCULO) values (1, 'Benjamen Storie', 'bstorie0@linkedin.com', 'Vivienda universitaria');
insert into OPERADORES (ID, NOMBRE, CORREO, ID_VINCULO) values (2, 'Grant Beazey', 'gbeazey1@un.org', 'Estudiante');
insert into OPERADORES (ID, NOMBRE, CORREO, ID_VINCULO) values (3, 'Galvan Dalton', 'gdalton2@ed.gov', 'Vivienda universitaria');
insert into OPERADORES (ID, NOMBRE, CORREO, ID_VINCULO) values (4, 'Yevette Fairburne', 'yfairburne3@is.gd', 'Egresado');
insert into OPERADORES (ID, NOMBRE, CORREO, ID_VINCULO) values (5, 'Berti Gregoretti', 'bgregoretti4@ucoz.com', 'Hotel');
insert into OPERADORES (ID, NOMBRE, CORREO, ID_VINCULO) values (6, 'Vivie McVicar', 'vmcvicar5@ameblo.jp', 'Hostal');
insert into OPERADORES (ID, NOMBRE, CORREO, ID_VINCULO) values (7, 'Alia Pherps', 'apherps6@tiny.cc', 'Vivienda universitaria');
insert into OPERADORES (ID, NOMBRE, CORREO, ID_VINCULO) values (8, 'Court Bannester', 'cbannester7@google.com.br', 'Empleado');
insert into OPERADORES (ID, NOMBRE, CORREO, ID_VINCULO) values (9, 'Malinda Menendez', 'mmenendez8@dion.ne.jp', 'Padre estudiante');
insert into OPERADORES (ID, NOMBRE, CORREO, ID_VINCULO) values (10, 'Odille Gingle', 'ogingle9@goo.gl', 'Fenicia');
insert into OPERADORES (ID, NOMBRE, CORREO, ID_VINCULO) values (11, 'Tressa Bougourd', 'tbougourda@senate.gov', 'Profesor');
insert into OPERADORES (ID, NOMBRE, CORREO, ID_VINCULO) values (12, 'Davida Inglefield', 'dinglefieldb@lycos.com', 'Vivienda universitaria');
insert into OPERADORES (ID, NOMBRE, CORREO, ID_VINCULO) values (13, 'Lusa Coggan', 'lcogganc@blogspot.com', 'Padre estudiante');
insert into OPERADORES (ID, NOMBRE, CORREO, ID_VINCULO) values (14, 'Rachael Clerc', 'rclercd@google.cn', 'Empleado');
insert into OPERADORES (ID, NOMBRE, CORREO, ID_VINCULO) values (15, 'Eugenie Slingsby', 'eslingsbye@booking.com', 'Estudiante');
insert into OPERADORES (ID, NOMBRE, CORREO, ID_VINCULO) values (16, 'Darci Newell', 'dnewellf@ted.com', 'Padre estudiante');
insert into OPERADORES (ID, NOMBRE, CORREO, ID_VINCULO) values (17, 'Yvon Heineke', 'yheinekeg@nih.gov', 'Profesor');
insert into OPERADORES (ID, NOMBRE, CORREO, ID_VINCULO) values (18, 'Ellene Kyngdon', 'ekyngdonh@berkeley.edu', 'Fenicia');
insert into OPERADORES (ID, NOMBRE, CORREO, ID_VINCULO) values (19, 'Lloyd Fowlie', 'lfowliei@surveymonkey.com', 'Fenicia');
insert into OPERADORES (ID, NOMBRE, CORREO, ID_VINCULO) values (20, 'Cornie Pomfrett', 'cpomfrettj@netlog.com', 'Profesor');
insert into OPERADORES (ID, NOMBRE, CORREO, ID_VINCULO) values (21, 'Fairlie De Bruyne', 'fdek@senate.gov', 'Empleado');
insert into OPERADORES (ID, NOMBRE, CORREO, ID_VINCULO) values (22, 'Izzy Karleman', 'ikarlemanl@businessinsider.com', 'Vivienda universitaria');
insert into OPERADORES (ID, NOMBRE, CORREO, ID_VINCULO) values (23, 'Brinna Snoddin', 'bsnoddinm@wordpress.org', 'Hostal');
insert into OPERADORES (ID, NOMBRE, CORREO, ID_VINCULO) values (24, 'Donnell Brown', 'dbrownn@bizjournals.com', 'Profesor');
insert into OPERADORES (ID, NOMBRE, CORREO, ID_VINCULO) values (25, 'Lief Rickaby', 'lrickabyo@prnewswire.com', 'Padre estudiante');
insert into OPERADORES (ID, NOMBRE, CORREO, ID_VINCULO) values (26, 'Evan Paladino', 'epaladinop@shop-pro.jp', 'Hotel');
insert into OPERADORES (ID, NOMBRE, CORREO, ID_VINCULO) values (27, 'Donni Pell', 'dpellq@cbslocal.com', 'Padre estudiante');
insert into OPERADORES (ID, NOMBRE, CORREO, ID_VINCULO) values (28, 'Netti De Filippo', 'nder@google.com.au', 'Padre estudiante');
insert into OPERADORES (ID, NOMBRE, CORREO, ID_VINCULO) values (29, 'Justine Notton', 'jnottons@eepurl.com', 'Profesor');
insert into OPERADORES (ID, NOMBRE, CORREO, ID_VINCULO) values (30, 'Gabbi Brosenius', 'gbroseniust@clickbank.net', 'Hotel');
insert into OPERADORES (ID, NOMBRE, CORREO, ID_VINCULO) values (31, 'Rourke Berthelmot', 'rberthelmotu@odnoklassniki.ru', 'Estudiante');
insert into OPERADORES (ID, NOMBRE, CORREO, ID_VINCULO) values (32, 'Daphne Skep', 'dskepv@dell.com', 'Estudiante');
insert into OPERADORES (ID, NOMBRE, CORREO, ID_VINCULO) values (33, 'Tommie Brownfield', 'tbrownfieldw@hibu.com', 'Egresado');
insert into OPERADORES (ID, NOMBRE, CORREO, ID_VINCULO) values (34, 'Demetris Gerrad', 'dgerradx@loc.gov', 'Egresado');
insert into OPERADORES (ID, NOMBRE, CORREO, ID_VINCULO) values (35, 'Walden Sate', 'wsatey@psu.edu', 'Estudiante');
insert into OPERADORES (ID, NOMBRE, CORREO, ID_VINCULO) values (36, 'Phaidra Petegrew', 'ppetegrewz@blogs.com', 'Egresado');
insert into OPERADORES (ID, NOMBRE, CORREO, ID_VINCULO) values (37, 'Bobbette Ropkins', 'bropkins10@ezinearticles.com', 'Egresado');
insert into OPERADORES (ID, NOMBRE, CORREO, ID_VINCULO) values (38, 'Celeste Fifoot', 'cfifoot11@deviantart.com', 'Profesor');
insert into OPERADORES (ID, NOMBRE, CORREO, ID_VINCULO) values (39, 'Jinny Kirke', 'jkirke12@kickstarter.com', 'Estudiante');
insert into OPERADORES (ID, NOMBRE, CORREO, ID_VINCULO) values (40, 'Eadith Kilfether', 'ekilfether13@pen.io', 'Hotel');


--OFERTAS
insert into OFERTAS (ID, PRECIO, UBICACION, CAPACIDAD, DISPONIBLE, FECHA_RETIRO, TIPO, ID_OPERADOR) values (1, 929487, '6 Magdeline Place', 3, 'F', null, 'Vivienda universitaria', 13);
insert into OFERTAS (ID, PRECIO, UBICACION, CAPACIDAD, DISPONIBLE, FECHA_RETIRO, TIPO, ID_OPERADOR) values (2, 48248, '449 Summit Crossing', 2, 'T', '04/04/2017', 'Habitacion', 10);
insert into OFERTAS (ID, PRECIO, UBICACION, CAPACIDAD, DISPONIBLE, FECHA_RETIRO, TIPO, ID_OPERADOR) values (3, 573857, '24 Grover Circle', 5, 'T', '06/04/2017', 'Vivienda universitaria', 29);
insert into OFERTAS (ID, PRECIO, UBICACION, CAPACIDAD, DISPONIBLE, FECHA_RETIRO, TIPO, ID_OPERADOR) values (4, 470364, '56146 Union Crossing', 3, 'T', '10/12/2017', 'Hotel', 15);
insert into OFERTAS (ID, PRECIO, UBICACION, CAPACIDAD, DISPONIBLE, FECHA_RETIRO, TIPO, ID_OPERADOR) values (5, 785998, '56 Cambridge Alley', 5, 'F', null, 'Apartamento', 36);
insert into OFERTAS (ID, PRECIO, UBICACION, CAPACIDAD, DISPONIBLE, FECHA_RETIRO, TIPO, ID_OPERADOR) values (6, 723222, '73745 Mayer Avenue', 1, 'T', '04/10/2017', 'Apartamento', 19);
insert into OFERTAS (ID, PRECIO, UBICACION, CAPACIDAD, DISPONIBLE, FECHA_RETIRO, TIPO, ID_OPERADOR) values (7, 127423, '00 Independence Parkway', 4, 'F', null, 'Hotel', 38);
insert into OFERTAS (ID, PRECIO, UBICACION, CAPACIDAD, DISPONIBLE, FECHA_RETIRO, TIPO, ID_OPERADOR) values (8, 104456, '131 Fulton Park', 5, 'F', null, 'Hostal', 32);
insert into OFERTAS (ID, PRECIO, UBICACION, CAPACIDAD, DISPONIBLE, FECHA_RETIRO, TIPO, ID_OPERADOR) values (9, 734267, '0 Scofield Avenue', 5, 'T', '07/05/2017', 'Hostal', 28);
insert into OFERTAS (ID, PRECIO, UBICACION, CAPACIDAD, DISPONIBLE, FECHA_RETIRO, TIPO, ID_OPERADOR) values (10, 480328, '1 Crest Line Center', 5, 'F', '07/11/2017', 'Apartamento', 13);
insert into OFERTAS (ID, PRECIO, UBICACION, CAPACIDAD, DISPONIBLE, FECHA_RETIRO, TIPO, ID_OPERADOR) values (11, 918741, '44 Kenwood Park', 6, 'T', null, 'Vivienda universitaria', 38);
insert into OFERTAS (ID, PRECIO, UBICACION, CAPACIDAD, DISPONIBLE, FECHA_RETIRO, TIPO, ID_OPERADOR) values (12, 680421, '2926 Monterey Avenue', 6, 'T', null, 'Habitacion', 38);
insert into OFERTAS (ID, PRECIO, UBICACION, CAPACIDAD, DISPONIBLE, FECHA_RETIRO, TIPO, ID_OPERADOR) values (13, 303570, '1 Maple Avenue', 2, 'F', '01/11/2018', 'Hotel', 15);
insert into OFERTAS (ID, PRECIO, UBICACION, CAPACIDAD, DISPONIBLE, FECHA_RETIRO, TIPO, ID_OPERADOR) values (14, 126613, '9014 Londonderry Place', 1, 'F', '11/11/2017', 'Apartamento', 29);
insert into OFERTAS (ID, PRECIO, UBICACION, CAPACIDAD, DISPONIBLE, FECHA_RETIRO, TIPO, ID_OPERADOR) values (15, 437541, '0 Clyde Gallagher Circle', 5, 'F', null, 'Apartamento', 29);
insert into OFERTAS (ID, PRECIO, UBICACION, CAPACIDAD, DISPONIBLE, FECHA_RETIRO, TIPO, ID_OPERADOR) values (16, 474150, '3 Blaine Court', 6, 'F', '10/11/2017', 'Hostal', 25);
insert into OFERTAS (ID, PRECIO, UBICACION, CAPACIDAD, DISPONIBLE, FECHA_RETIRO, TIPO, ID_OPERADOR) values (17, 868752, '21912 7th Street', 3, 'T', '05/03/2017', 'Hotel', 39);
insert into OFERTAS (ID, PRECIO, UBICACION, CAPACIDAD, DISPONIBLE, FECHA_RETIRO, TIPO, ID_OPERADOR) values (18, 378136, '83 Kinsman Junction', 5, 'T', '12/04/2017', 'Hotel', 25);
insert into OFERTAS (ID, PRECIO, UBICACION, CAPACIDAD, DISPONIBLE, FECHA_RETIRO, TIPO, ID_OPERADOR) values (19, 752008, '17878 Thompson Alley', 5, 'T', null, 'Habitacion', 28);
insert into OFERTAS (ID, PRECIO, UBICACION, CAPACIDAD, DISPONIBLE, FECHA_RETIRO, TIPO, ID_OPERADOR) values (20, 183850, '37055 Fordem Park', 2, 'F', null, 'Vivienda universitaria', 38);
insert into OFERTAS (ID, PRECIO, UBICACION, CAPACIDAD, DISPONIBLE, FECHA_RETIRO, TIPO, ID_OPERADOR) values (21, 972048, '9442 Almo Way', 3, 'F', '09/01/2017', 'Habitacion', 7);
insert into OFERTAS (ID, PRECIO, UBICACION, CAPACIDAD, DISPONIBLE, FECHA_RETIRO, TIPO, ID_OPERADOR) values (22, 45704, '266 Vermont Way', 2, 'F', '01/10/2018', 'Hostal', 5);
insert into OFERTAS (ID, PRECIO, UBICACION, CAPACIDAD, DISPONIBLE, FECHA_RETIRO, TIPO, ID_OPERADOR) values (23, 607743, '6 Boyd Trail', 6, 'T', null, 'Hostal', 29);
insert into OFERTAS (ID, PRECIO, UBICACION, CAPACIDAD, DISPONIBLE, FECHA_RETIRO, TIPO, ID_OPERADOR) values (24, 573168, '183 Swallow Junction', 1, 'T', null, 'Hotel', 8);
insert into OFERTAS (ID, PRECIO, UBICACION, CAPACIDAD, DISPONIBLE, FECHA_RETIRO, TIPO, ID_OPERADOR) values (25, 756255, '140 Surrey Road', 3, 'T', '07/12/2017', 'Habitacion', 35);
insert into OFERTAS (ID, PRECIO, UBICACION, CAPACIDAD, DISPONIBLE, FECHA_RETIRO, TIPO, ID_OPERADOR) values (26, 979053, '45 Marcy Parkway', 5, 'T', '04/07/2017', 'Vivienda universitaria', 7);
insert into OFERTAS (ID, PRECIO, UBICACION, CAPACIDAD, DISPONIBLE, FECHA_RETIRO, TIPO, ID_OPERADOR) values (27, 981318, '93783 Arizona Court', 3, 'F', null, 'Habitacion', 7);
insert into OFERTAS (ID, PRECIO, UBICACION, CAPACIDAD, DISPONIBLE, FECHA_RETIRO, TIPO, ID_OPERADOR) values (28, 668796, '53 Lindbergh Avenue', 4, 'F', null, 'Apartamento', 2);
insert into OFERTAS (ID, PRECIO, UBICACION, CAPACIDAD, DISPONIBLE, FECHA_RETIRO, TIPO, ID_OPERADOR) values (29, 903727, '80559 Dixon Park', 3, 'F', '10/04/2017', 'Vivienda universitaria', 4);
insert into OFERTAS (ID, PRECIO, UBICACION, CAPACIDAD, DISPONIBLE, FECHA_RETIRO, TIPO, ID_OPERADOR) values (30, 584757, '32 Pond Place', 2, 'F', null, 'Habitacion', 24);
insert into OFERTAS (ID, PRECIO, UBICACION, CAPACIDAD, DISPONIBLE, FECHA_RETIRO, TIPO, ID_OPERADOR) values (31, 113854, '93748 Dwight Pass', 5, 'F', null, 'Apartamento', 23);
insert into OFERTAS (ID, PRECIO, UBICACION, CAPACIDAD, DISPONIBLE, FECHA_RETIRO, TIPO, ID_OPERADOR) values (32, 890429, '2837 Toban Way', 5, 'T', null, 'Vivienda universitaria', 38);
insert into OFERTAS (ID, PRECIO, UBICACION, CAPACIDAD, DISPONIBLE, FECHA_RETIRO, TIPO, ID_OPERADOR) values (33, 972158, '9 1st Avenue', 4, 'T', null, 'Habitacion', 4);
insert into OFERTAS (ID, PRECIO, UBICACION, CAPACIDAD, DISPONIBLE, FECHA_RETIRO, TIPO, ID_OPERADOR) values (34, 962455, '4492 Veith Center', 1, 'T', '01/11/2018', 'Hotel', 12);
insert into OFERTAS (ID, PRECIO, UBICACION, CAPACIDAD, DISPONIBLE, FECHA_RETIRO, TIPO, ID_OPERADOR) values (35, 126087, '36502 Springview Crossing', 6, 'F', '02/10/2018', 'Apartamento', 20);
insert into OFERTAS (ID, PRECIO, UBICACION, CAPACIDAD, DISPONIBLE, FECHA_RETIRO, TIPO, ID_OPERADOR) values (36, 918530, '5853 Golf Center', 1, 'F', null, 'Hotel', 34);
insert into OFERTAS (ID, PRECIO, UBICACION, CAPACIDAD, DISPONIBLE, FECHA_RETIRO, TIPO, ID_OPERADOR) values (37, 339765, '03513 Merry Junction', 4, 'T', '10/07/2017', 'Hotel', 35);
insert into OFERTAS (ID, PRECIO, UBICACION, CAPACIDAD, DISPONIBLE, FECHA_RETIRO, TIPO, ID_OPERADOR) values (38, 109919, '04 Declaration Lane', 4, 'F', null, 'Hotel', 15);
insert into OFERTAS (ID, PRECIO, UBICACION, CAPACIDAD, DISPONIBLE, FECHA_RETIRO, TIPO, ID_OPERADOR) values (39, 866372, '022 Merrick Crossing', 3, 'T', '02/10/2018', 'Hotel', 14);
insert into OFERTAS (ID, PRECIO, UBICACION, CAPACIDAD, DISPONIBLE, FECHA_RETIRO, TIPO, ID_OPERADOR) values (40, 868600, '6465 Fieldstone Alley', 3, 'F', null, 'Apartamento', 11);

--ALOJAMIENTOS_PREFERIDOS
insert into ALOJAMIENTOS_PREFERIDOS (ID_OFERTA, ID_CLIENTE) values (23, 39);
insert into ALOJAMIENTOS_PREFERIDOS (ID_OFERTA, ID_CLIENTE) values (34, 22);
insert into ALOJAMIENTOS_PREFERIDOS (ID_OFERTA, ID_CLIENTE) values (19, 29);
insert into ALOJAMIENTOS_PREFERIDOS (ID_OFERTA, ID_CLIENTE) values (4, 8);
insert into ALOJAMIENTOS_PREFERIDOS (ID_OFERTA, ID_CLIENTE) values (3, 30);
insert into ALOJAMIENTOS_PREFERIDOS (ID_OFERTA, ID_CLIENTE) values (35, 39);
insert into ALOJAMIENTOS_PREFERIDOS (ID_OFERTA, ID_CLIENTE) values (8, 13);
insert into ALOJAMIENTOS_PREFERIDOS (ID_OFERTA, ID_CLIENTE) values (13, 29);
insert into ALOJAMIENTOS_PREFERIDOS (ID_OFERTA, ID_CLIENTE) values (17, 13);
insert into ALOJAMIENTOS_PREFERIDOS (ID_OFERTA, ID_CLIENTE) values (1, 34);
insert into ALOJAMIENTOS_PREFERIDOS (ID_OFERTA, ID_CLIENTE) values (39, 36);
insert into ALOJAMIENTOS_PREFERIDOS (ID_OFERTA, ID_CLIENTE) values (15, 15);
insert into ALOJAMIENTOS_PREFERIDOS (ID_OFERTA, ID_CLIENTE) values (18, 4);
insert into ALOJAMIENTOS_PREFERIDOS (ID_OFERTA, ID_CLIENTE) values (7, 32);
insert into ALOJAMIENTOS_PREFERIDOS (ID_OFERTA, ID_CLIENTE) values (35, 25);
insert into ALOJAMIENTOS_PREFERIDOS (ID_OFERTA, ID_CLIENTE) values (25, 26);
insert into ALOJAMIENTOS_PREFERIDOS (ID_OFERTA, ID_CLIENTE) values (28, 40);
insert into ALOJAMIENTOS_PREFERIDOS (ID_OFERTA, ID_CLIENTE) values (6, 30);
insert into ALOJAMIENTOS_PREFERIDOS (ID_OFERTA, ID_CLIENTE) values (32, 3);
insert into ALOJAMIENTOS_PREFERIDOS (ID_OFERTA, ID_CLIENTE) values (33, 9);
insert into ALOJAMIENTOS_PREFERIDOS (ID_OFERTA, ID_CLIENTE) values (18, 24);
insert into ALOJAMIENTOS_PREFERIDOS (ID_OFERTA, ID_CLIENTE) values (9, 11);
insert into ALOJAMIENTOS_PREFERIDOS (ID_OFERTA, ID_CLIENTE) values (27, 22);
insert into ALOJAMIENTOS_PREFERIDOS (ID_OFERTA, ID_CLIENTE) values (22, 27);
insert into ALOJAMIENTOS_PREFERIDOS (ID_OFERTA, ID_CLIENTE) values (4, 17);
insert into ALOJAMIENTOS_PREFERIDOS (ID_OFERTA, ID_CLIENTE) values (24, 8);
insert into ALOJAMIENTOS_PREFERIDOS (ID_OFERTA, ID_CLIENTE) values (38, 28);
insert into ALOJAMIENTOS_PREFERIDOS (ID_OFERTA, ID_CLIENTE) values (34, 11);
insert into ALOJAMIENTOS_PREFERIDOS (ID_OFERTA, ID_CLIENTE) values (6, 33);
insert into ALOJAMIENTOS_PREFERIDOS (ID_OFERTA, ID_CLIENTE) values (1, 35);
insert into ALOJAMIENTOS_PREFERIDOS (ID_OFERTA, ID_CLIENTE) values (20, 36);
insert into ALOJAMIENTOS_PREFERIDOS (ID_OFERTA, ID_CLIENTE) values (34, 14);
insert into ALOJAMIENTOS_PREFERIDOS (ID_OFERTA, ID_CLIENTE) values (3, 8);
insert into ALOJAMIENTOS_PREFERIDOS (ID_OFERTA, ID_CLIENTE) values (10, 8);
insert into ALOJAMIENTOS_PREFERIDOS (ID_OFERTA, ID_CLIENTE) values (35, 20);
insert into ALOJAMIENTOS_PREFERIDOS (ID_OFERTA, ID_CLIENTE) values (12, 30);
insert into ALOJAMIENTOS_PREFERIDOS (ID_OFERTA, ID_CLIENTE) values (8, 28);
insert into ALOJAMIENTOS_PREFERIDOS (ID_OFERTA, ID_CLIENTE) values (39, 32);
insert into ALOJAMIENTOS_PREFERIDOS (ID_OFERTA, ID_CLIENTE) values (7, 26);
insert into ALOJAMIENTOS_PREFERIDOS (ID_OFERTA, ID_CLIENTE) values (29, 27);

--APARTAMENTO
insert into APARTAMENTO (ID, AMOBLADO, NUM_HABITACIONES, INCLUYE_ADMI, SERVICIOS_PUBLICOS, TIPO_ALQUILER) values (1, 'F', 9, 'T', 'T', 'ALQUILER DIAS');
insert into APARTAMENTO (ID, AMOBLADO, NUM_HABITACIONES, INCLUYE_ADMI, SERVICIOS_PUBLICOS, TIPO_ALQUILER) values (2, 'T', 7, 'F', 'F', 'ALQUILER DIAS');
insert into APARTAMENTO (ID, AMOBLADO, NUM_HABITACIONES, INCLUYE_ADMI, SERVICIOS_PUBLICOS, TIPO_ALQUILER) values (3, 'F', 8, 'T', 'F', 'ALQUILER MES');
insert into APARTAMENTO (ID, AMOBLADO, NUM_HABITACIONES, INCLUYE_ADMI, SERVICIOS_PUBLICOS, TIPO_ALQUILER) values (4, 'F', 2, 'T', 'T', 'ALQUILER MES');
insert into APARTAMENTO (ID, AMOBLADO, NUM_HABITACIONES, INCLUYE_ADMI, SERVICIOS_PUBLICOS, TIPO_ALQUILER) values (5, 'T', 1, 'T', 'T', 'ALQUILER MES');
insert into APARTAMENTO (ID, AMOBLADO, NUM_HABITACIONES, INCLUYE_ADMI, SERVICIOS_PUBLICOS, TIPO_ALQUILER) values (6, 'T', 2, 'F', 'F', 'ALQUILER MES');
insert into APARTAMENTO (ID, AMOBLADO, NUM_HABITACIONES, INCLUYE_ADMI, SERVICIOS_PUBLICOS, TIPO_ALQUILER) values (7, 'T', 8, 'F', 'F', 'ALQUILER MES');
insert into APARTAMENTO (ID, AMOBLADO, NUM_HABITACIONES, INCLUYE_ADMI, SERVICIOS_PUBLICOS, TIPO_ALQUILER) values (8, 'F', 1, 'F', 'T', 'ALQUILER DIAS');
insert into APARTAMENTO (ID, AMOBLADO, NUM_HABITACIONES, INCLUYE_ADMI, SERVICIOS_PUBLICOS, TIPO_ALQUILER) values (9, 'T', 9, 'T', 'F', 'ALQUILER DIAS');
insert into APARTAMENTO (ID, AMOBLADO, NUM_HABITACIONES, INCLUYE_ADMI, SERVICIOS_PUBLICOS, TIPO_ALQUILER) values (10, 'F', 10, 'T', 'T', 'ALQUILER DIAS');
insert into APARTAMENTO (ID, AMOBLADO, NUM_HABITACIONES, INCLUYE_ADMI, SERVICIOS_PUBLICOS, TIPO_ALQUILER) values (11, 'F', 9, 'F', 'T', 'ALQUILER MES');
insert into APARTAMENTO (ID, AMOBLADO, NUM_HABITACIONES, INCLUYE_ADMI, SERVICIOS_PUBLICOS, TIPO_ALQUILER) values (12, 'T', 3, 'F', 'T', 'ALQUILER DIAS');
insert into APARTAMENTO (ID, AMOBLADO, NUM_HABITACIONES, INCLUYE_ADMI, SERVICIOS_PUBLICOS, TIPO_ALQUILER) values (13, 'F', 6, 'T', 'F', 'ALQUILER MES');
insert into APARTAMENTO (ID, AMOBLADO, NUM_HABITACIONES, INCLUYE_ADMI, SERVICIOS_PUBLICOS, TIPO_ALQUILER) values (14, 'T', 4, 'F', 'F', 'ALQUILER MES');
insert into APARTAMENTO (ID, AMOBLADO, NUM_HABITACIONES, INCLUYE_ADMI, SERVICIOS_PUBLICOS, TIPO_ALQUILER) values (15, 'T', 3, 'T', 'F', 'ALQUILER MES');
insert into APARTAMENTO (ID, AMOBLADO, NUM_HABITACIONES, INCLUYE_ADMI, SERVICIOS_PUBLICOS, TIPO_ALQUILER) values (16, 'F', 3, 'F', 'T', 'ALQUILER MES');
insert into APARTAMENTO (ID, AMOBLADO, NUM_HABITACIONES, INCLUYE_ADMI, SERVICIOS_PUBLICOS, TIPO_ALQUILER) values (17, 'F', 1, 'T', 'T', 'ALQUILER MES');
insert into APARTAMENTO (ID, AMOBLADO, NUM_HABITACIONES, INCLUYE_ADMI, SERVICIOS_PUBLICOS, TIPO_ALQUILER) values (18, 'F', 8, 'T', 'T', 'ALQUILER MES');
insert into APARTAMENTO (ID, AMOBLADO, NUM_HABITACIONES, INCLUYE_ADMI, SERVICIOS_PUBLICOS, TIPO_ALQUILER) values (19, 'T', 8, 'F', 'F', 'ALQUILER DIAS');
insert into APARTAMENTO (ID, AMOBLADO, NUM_HABITACIONES, INCLUYE_ADMI, SERVICIOS_PUBLICOS, TIPO_ALQUILER) values (20, 'F', 9, 'T', 'T', 'ALQUILER DIAS');
insert into APARTAMENTO (ID, AMOBLADO, NUM_HABITACIONES, INCLUYE_ADMI, SERVICIOS_PUBLICOS, TIPO_ALQUILER) values (21, 'F', 3, 'F', 'T', 'ALQUILER MES');
insert into APARTAMENTO (ID, AMOBLADO, NUM_HABITACIONES, INCLUYE_ADMI, SERVICIOS_PUBLICOS, TIPO_ALQUILER) values (22, 'F', 5, 'T', 'F', 'ALQUILER DIAS');
insert into APARTAMENTO (ID, AMOBLADO, NUM_HABITACIONES, INCLUYE_ADMI, SERVICIOS_PUBLICOS, TIPO_ALQUILER) values (23, 'T', 5, 'T', 'T', 'ALQUILER DIAS');
insert into APARTAMENTO (ID, AMOBLADO, NUM_HABITACIONES, INCLUYE_ADMI, SERVICIOS_PUBLICOS, TIPO_ALQUILER) values (24, 'T', 3, 'T', 'F', 'ALQUILER MES');
insert into APARTAMENTO (ID, AMOBLADO, NUM_HABITACIONES, INCLUYE_ADMI, SERVICIOS_PUBLICOS, TIPO_ALQUILER) values (25, 'F', 4, 'F', 'F', 'ALQUILER MES');
insert into APARTAMENTO (ID, AMOBLADO, NUM_HABITACIONES, INCLUYE_ADMI, SERVICIOS_PUBLICOS, TIPO_ALQUILER) values (26, 'T', 8, 'T', 'F', 'ALQUILER DIAS');
insert into APARTAMENTO (ID, AMOBLADO, NUM_HABITACIONES, INCLUYE_ADMI, SERVICIOS_PUBLICOS, TIPO_ALQUILER) values (27, 'T', 2, 'F', 'T', 'ALQUILER MES');
insert into APARTAMENTO (ID, AMOBLADO, NUM_HABITACIONES, INCLUYE_ADMI, SERVICIOS_PUBLICOS, TIPO_ALQUILER) values (28, 'T', 9, 'F', 'T', 'ALQUILER MES');
insert into APARTAMENTO (ID, AMOBLADO, NUM_HABITACIONES, INCLUYE_ADMI, SERVICIOS_PUBLICOS, TIPO_ALQUILER) values (29, 'F', 1, 'T', 'T', 'ALQUILER DIAS');
insert into APARTAMENTO (ID, AMOBLADO, NUM_HABITACIONES, INCLUYE_ADMI, SERVICIOS_PUBLICOS, TIPO_ALQUILER) values (30, 'T', 3, 'F', 'F', 'ALQUILER MES');
insert into APARTAMENTO (ID, AMOBLADO, NUM_HABITACIONES, INCLUYE_ADMI, SERVICIOS_PUBLICOS, TIPO_ALQUILER) values (31, 'T', 4, 'F', 'F', 'ALQUILER MES');
insert into APARTAMENTO (ID, AMOBLADO, NUM_HABITACIONES, INCLUYE_ADMI, SERVICIOS_PUBLICOS, TIPO_ALQUILER) values (32, 'F', 10, 'F', 'F', 'ALQUILER DIAS');
insert into APARTAMENTO (ID, AMOBLADO, NUM_HABITACIONES, INCLUYE_ADMI, SERVICIOS_PUBLICOS, TIPO_ALQUILER) values (33, 'T', 3, 'T', 'T', 'ALQUILER MES');
insert into APARTAMENTO (ID, AMOBLADO, NUM_HABITACIONES, INCLUYE_ADMI, SERVICIOS_PUBLICOS, TIPO_ALQUILER) values (34, 'F', 4, 'T', 'F', 'ALQUILER MES');
insert into APARTAMENTO (ID, AMOBLADO, NUM_HABITACIONES, INCLUYE_ADMI, SERVICIOS_PUBLICOS, TIPO_ALQUILER) values (35, 'F', 5, 'T', 'T', 'ALQUILER DIAS');
insert into APARTAMENTO (ID, AMOBLADO, NUM_HABITACIONES, INCLUYE_ADMI, SERVICIOS_PUBLICOS, TIPO_ALQUILER) values (36, 'T', 6, 'T', 'T', 'ALQUILER DIAS');
insert into APARTAMENTO (ID, AMOBLADO, NUM_HABITACIONES, INCLUYE_ADMI, SERVICIOS_PUBLICOS, TIPO_ALQUILER) values (37, 'T', 4, 'T', 'T', 'ALQUILER DIAS');
insert into APARTAMENTO (ID, AMOBLADO, NUM_HABITACIONES, INCLUYE_ADMI, SERVICIOS_PUBLICOS, TIPO_ALQUILER) values (38, 'F', 1, 'T', 'T', 'ALQUILER DIAS');
insert into APARTAMENTO (ID, AMOBLADO, NUM_HABITACIONES, INCLUYE_ADMI, SERVICIOS_PUBLICOS, TIPO_ALQUILER) values (39, 'F', 3, 'T', 'F', 'ALQUILER DIAS');
insert into APARTAMENTO (ID, AMOBLADO, NUM_HABITACIONES, INCLUYE_ADMI, SERVICIOS_PUBLICOS, TIPO_ALQUILER) values (40, 'F', 8, 'T', 'F', 'ALQUILER MES');

--CONTRATOS
insert into CONTRATOS (ID, NUM_DIAS, FECHA, PRECIO, VALORSEGURO, ID_CLIENTE, ID_OFERTA) values (1, 174, '04/12/2017', 5108622, 308379, 28, 6);
insert into CONTRATOS (ID, NUM_DIAS, FECHA, PRECIO, VALORSEGURO, ID_CLIENTE, ID_OFERTA) values (2, 348, '12/11/2017', 4991392, 481188, 20, 35);
insert into CONTRATOS (ID, NUM_DIAS, FECHA, PRECIO, VALORSEGURO, ID_CLIENTE, ID_OFERTA) values (3, 203, '24/08/2017', 1342034, 170442, 9, 10);
insert into CONTRATOS (ID, NUM_DIAS, FECHA, PRECIO, VALORSEGURO, ID_CLIENTE, ID_OFERTA) values (4, 19, '26/06/2017', 6396978, 180942, 29, 26);
insert into CONTRATOS (ID, NUM_DIAS, FECHA, PRECIO, VALORSEGURO, ID_CLIENTE, ID_OFERTA) values (5, 329, '14/05/2017', 4468768, 95316, 9, 9);
insert into CONTRATOS (ID, NUM_DIAS, FECHA, PRECIO, VALORSEGURO, ID_CLIENTE, ID_OFERTA) values (6, 41, '05/02/2018', 1032921, 465490, 1, 33);
insert into CONTRATOS (ID, NUM_DIAS, FECHA, PRECIO, VALORSEGURO, ID_CLIENTE, ID_OFERTA) values (7, 103, '22/06/2017', 4087666, 226294, 4, 37);
insert into CONTRATOS (ID, NUM_DIAS, FECHA, PRECIO, VALORSEGURO, ID_CLIENTE, ID_OFERTA) values (8, 4, '16/04/2017', 5967465, 355667, 2, 3);
insert into CONTRATOS (ID, NUM_DIAS, FECHA, PRECIO, VALORSEGURO, ID_CLIENTE, ID_OFERTA) values (9, 17, '09/12/2017', 7153044, 276608, 36, 5);
insert into CONTRATOS (ID, NUM_DIAS, FECHA, PRECIO, VALORSEGURO, ID_CLIENTE, ID_OFERTA) values (10, 252, '02/05/2017', 7085363, 415815, 32, 4);
insert into CONTRATOS (ID, NUM_DIAS, FECHA, PRECIO, VALORSEGURO, ID_CLIENTE, ID_OFERTA) values (11, 222, '21/04/2017', 2230694, 409760, 14, 4);
insert into CONTRATOS (ID, NUM_DIAS, FECHA, PRECIO, VALORSEGURO, ID_CLIENTE, ID_OFERTA) values (12, 38, '13/07/2017', 8310927, 429237, 4, 32);
insert into CONTRATOS (ID, NUM_DIAS, FECHA, PRECIO, VALORSEGURO, ID_CLIENTE, ID_OFERTA) values (13, 117, '16/12/2017', 6876096, 379314, 14, 10);
insert into CONTRATOS (ID, NUM_DIAS, FECHA, PRECIO, VALORSEGURO, ID_CLIENTE, ID_OFERTA) values (14, 260, '24/06/2017', 9846860, 311112, 9, 13);
insert into CONTRATOS (ID, NUM_DIAS, FECHA, PRECIO, VALORSEGURO, ID_CLIENTE, ID_OFERTA) values (15, 8, '17/09/2017', 722535, 406218, 39, 16);
insert into CONTRATOS (ID, NUM_DIAS, FECHA, PRECIO, VALORSEGURO, ID_CLIENTE, ID_OFERTA) values (16, 2, '21/10/2017', 4594605, 39283, 8, 6);
insert into CONTRATOS (ID, NUM_DIAS, FECHA, PRECIO, VALORSEGURO, ID_CLIENTE, ID_OFERTA) values (17, 299, '06/06/2017', 4221406, 145378, 32, 5);
insert into CONTRATOS (ID, NUM_DIAS, FECHA, PRECIO, VALORSEGURO, ID_CLIENTE, ID_OFERTA) values (18, 25, '23/05/2017', 6218091, 39890, 20, 2);
insert into CONTRATOS (ID, NUM_DIAS, FECHA, PRECIO, VALORSEGURO, ID_CLIENTE, ID_OFERTA) values (19, 157, '21/09/2017', 2113652, 389533, 26, 30);
insert into CONTRATOS (ID, NUM_DIAS, FECHA, PRECIO, VALORSEGURO, ID_CLIENTE, ID_OFERTA) values (20, 141, '21/11/2017', 1781379, 157930, 16, 34);
insert into CONTRATOS (ID, NUM_DIAS, FECHA, PRECIO, VALORSEGURO, ID_CLIENTE, ID_OFERTA) values (21, 293, '29/01/2018', 4548169, 484018, 12, 28);
insert into CONTRATOS (ID, NUM_DIAS, FECHA, PRECIO, VALORSEGURO, ID_CLIENTE, ID_OFERTA) values (22, 174, '03/03/2018', 5968733, 145595, 8, 20);
insert into CONTRATOS (ID, NUM_DIAS, FECHA, PRECIO, VALORSEGURO, ID_CLIENTE, ID_OFERTA) values (23, 162, '17/02/2018', 9768573, 439778, 14, 13);
insert into CONTRATOS (ID, NUM_DIAS, FECHA, PRECIO, VALORSEGURO, ID_CLIENTE, ID_OFERTA) values (24, 132, '05/02/2018', 730857, 150247, 10, 20);
insert into CONTRATOS (ID, NUM_DIAS, FECHA, PRECIO, VALORSEGURO, ID_CLIENTE, ID_OFERTA) values (25, 251, '30/12/2017', 7997704, 67444, 3, 39);
insert into CONTRATOS (ID, NUM_DIAS, FECHA, PRECIO, VALORSEGURO, ID_CLIENTE, ID_OFERTA) values (26, 33, '18/10/2017', 1503777, 271054, 5, 7);
insert into CONTRATOS (ID, NUM_DIAS, FECHA, PRECIO, VALORSEGURO, ID_CLIENTE, ID_OFERTA) values (27, 342, '05/04/2017', 6972022, 184561, 25, 9);
insert into CONTRATOS (ID, NUM_DIAS, FECHA, PRECIO, VALORSEGURO, ID_CLIENTE, ID_OFERTA) values (28, 44, '06/02/2018', 7671371, 465048, 36, 25);
insert into CONTRATOS (ID, NUM_DIAS, FECHA, PRECIO, VALORSEGURO, ID_CLIENTE, ID_OFERTA) values (29, 141, '04/07/2017', 4450315, 183914, 6, 23);
insert into CONTRATOS (ID, NUM_DIAS, FECHA, PRECIO, VALORSEGURO, ID_CLIENTE, ID_OFERTA) values (30, 291, '28/02/2018', 7820610, 77868, 40, 13);
insert into CONTRATOS (ID, NUM_DIAS, FECHA, PRECIO, VALORSEGURO, ID_CLIENTE, ID_OFERTA) values (31, 21, '22/01/2018', 4629963, 450564, 15, 19);
insert into CONTRATOS (ID, NUM_DIAS, FECHA, PRECIO, VALORSEGURO, ID_CLIENTE, ID_OFERTA) values (32, 69, '09/07/2017', 9284421, 291064, 7, 29);
insert into CONTRATOS (ID, NUM_DIAS, FECHA, PRECIO, VALORSEGURO, ID_CLIENTE, ID_OFERTA) values (33, 95, '12/05/2017', 7751999, 181588, 37, 32);
insert into CONTRATOS (ID, NUM_DIAS, FECHA, PRECIO, VALORSEGURO, ID_CLIENTE, ID_OFERTA) values (34, 71, '09/09/2017', 1869764, 238981, 32, 35);
insert into CONTRATOS (ID, NUM_DIAS, FECHA, PRECIO, VALORSEGURO, ID_CLIENTE, ID_OFERTA) values (35, 100, '27/05/2017', 4760752, 71442, 36, 16);
insert into CONTRATOS (ID, NUM_DIAS, FECHA, PRECIO, VALORSEGURO, ID_CLIENTE, ID_OFERTA) values (36, 249, '03/02/2018', 6205289, 341912, 36, 22);
insert into CONTRATOS (ID, NUM_DIAS, FECHA, PRECIO, VALORSEGURO, ID_CLIENTE, ID_OFERTA) values (37, 16, '08/07/2017', 1639001, 16672, 28, 29);
insert into CONTRATOS (ID, NUM_DIAS, FECHA, PRECIO, VALORSEGURO, ID_CLIENTE, ID_OFERTA) values (38, 20, '21/08/2017', 7047788, 256444, 33, 6);
insert into CONTRATOS (ID, NUM_DIAS, FECHA, PRECIO, VALORSEGURO, ID_CLIENTE, ID_OFERTA) values (39, 334, '11/08/2017', 5755032, 366179, 7, 17);
insert into CONTRATOS (ID, NUM_DIAS, FECHA, PRECIO, VALORSEGURO, ID_CLIENTE, ID_OFERTA) values (40, 267, '05/04/2017', 8234636, 296818, 16, 36);



--HABITACION
insert into HABITACION (ID, INDIVIDUAL, COSTO_SERVICIOS) values (1, 'F', 567807);
insert into HABITACION (ID, INDIVIDUAL, COSTO_SERVICIOS) values (2, 'T', 250681);
insert into HABITACION (ID, INDIVIDUAL, COSTO_SERVICIOS) values (3, 'T', 107308);
insert into HABITACION (ID, INDIVIDUAL, COSTO_SERVICIOS) values (4, 'T', 322857);
insert into HABITACION (ID, INDIVIDUAL, COSTO_SERVICIOS) values (5, 'T', 741547);
insert into HABITACION (ID, INDIVIDUAL, COSTO_SERVICIOS) values (6, 'F', 406807);
insert into HABITACION (ID, INDIVIDUAL, COSTO_SERVICIOS) values (7, 'T', 797151);
insert into HABITACION (ID, INDIVIDUAL, COSTO_SERVICIOS) values (8, 'F', 299261);
insert into HABITACION (ID, INDIVIDUAL, COSTO_SERVICIOS) values (9, 'F', 651283);
insert into HABITACION (ID, INDIVIDUAL, COSTO_SERVICIOS) values (10, 'F', 302758);
insert into HABITACION (ID, INDIVIDUAL, COSTO_SERVICIOS) values (11, 'F', 609181);
insert into HABITACION (ID, INDIVIDUAL, COSTO_SERVICIOS) values (12, 'F', 455830);
insert into HABITACION (ID, INDIVIDUAL, COSTO_SERVICIOS) values (13, 'T', 238990);
insert into HABITACION (ID, INDIVIDUAL, COSTO_SERVICIOS) values (14, 'T', 473916);
insert into HABITACION (ID, INDIVIDUAL, COSTO_SERVICIOS) values (15, 'F', 803470);
insert into HABITACION (ID, INDIVIDUAL, COSTO_SERVICIOS) values (16, 'T', 592424);
insert into HABITACION (ID, INDIVIDUAL, COSTO_SERVICIOS) values (17, 'T', 691935);
insert into HABITACION (ID, INDIVIDUAL, COSTO_SERVICIOS) values (18, 'F', 432999);
insert into HABITACION (ID, INDIVIDUAL, COSTO_SERVICIOS) values (19, 'F', 111604);
insert into HABITACION (ID, INDIVIDUAL, COSTO_SERVICIOS) values (20, 'F', 761987);
insert into HABITACION (ID, INDIVIDUAL, COSTO_SERVICIOS) values (21, 'T', 780006);
insert into HABITACION (ID, INDIVIDUAL, COSTO_SERVICIOS) values (22, 'T', 751683);
insert into HABITACION (ID, INDIVIDUAL, COSTO_SERVICIOS) values (23, 'F', 64607);
insert into HABITACION (ID, INDIVIDUAL, COSTO_SERVICIOS) values (24, 'F', 403846);
insert into HABITACION (ID, INDIVIDUAL, COSTO_SERVICIOS) values (25, 'T', 730867);
insert into HABITACION (ID, INDIVIDUAL, COSTO_SERVICIOS) values (26, 'T', 864853);
insert into HABITACION (ID, INDIVIDUAL, COSTO_SERVICIOS) values (27, 'F', 139863);
insert into HABITACION (ID, INDIVIDUAL, COSTO_SERVICIOS) values (28, 'T', 424952);
insert into HABITACION (ID, INDIVIDUAL, COSTO_SERVICIOS) values (29, 'T', 527334);
insert into HABITACION (ID, INDIVIDUAL, COSTO_SERVICIOS) values (30, 'T', 242321);
insert into HABITACION (ID, INDIVIDUAL, COSTO_SERVICIOS) values (31, 'T', 137128);
insert into HABITACION (ID, INDIVIDUAL, COSTO_SERVICIOS) values (32, 'T', 269105);
insert into HABITACION (ID, INDIVIDUAL, COSTO_SERVICIOS) values (33, 'F', 587750);
insert into HABITACION (ID, INDIVIDUAL, COSTO_SERVICIOS) values (34, 'F', 234644);
insert into HABITACION (ID, INDIVIDUAL, COSTO_SERVICIOS) values (35, 'T', 317717);
insert into HABITACION (ID, INDIVIDUAL, COSTO_SERVICIOS) values (36, 'T', 615092);
insert into HABITACION (ID, INDIVIDUAL, COSTO_SERVICIOS) values (37, 'T', 448892);
insert into HABITACION (ID, INDIVIDUAL, COSTO_SERVICIOS) values (38, 'T', 504126);
insert into HABITACION (ID, INDIVIDUAL, COSTO_SERVICIOS) values (39, 'F', 878186);
insert into HABITACION (ID, INDIVIDUAL, COSTO_SERVICIOS) values (40, 'T', 820910);

--HOSTAL 
insert into HOSTAL (ID, HORARIO_APERTURA, HORARIO_CIERRE, INDIVIDUAL) values (1, '21:19', '15:26', 'F');
insert into HOSTAL (ID, HORARIO_APERTURA, HORARIO_CIERRE, INDIVIDUAL) values (2, '19:23', '11:00', 'F');
insert into HOSTAL (ID, HORARIO_APERTURA, HORARIO_CIERRE, INDIVIDUAL) values (3, '21:38', '17:23', 'T');
insert into HOSTAL (ID, HORARIO_APERTURA, HORARIO_CIERRE, INDIVIDUAL) values (4, '22:53', '1:51', 'T');
insert into HOSTAL (ID, HORARIO_APERTURA, HORARIO_CIERRE, INDIVIDUAL) values (5, '14:10', '18:07', 'T');
insert into HOSTAL (ID, HORARIO_APERTURA, HORARIO_CIERRE, INDIVIDUAL) values (6, '23:11', '15:07', 'T');
insert into HOSTAL (ID, HORARIO_APERTURA, HORARIO_CIERRE, INDIVIDUAL) values (7, '19:11', '15:42', 'F');
insert into HOSTAL (ID, HORARIO_APERTURA, HORARIO_CIERRE, INDIVIDUAL) values (8, '7:58', '19:08', 'F');
insert into HOSTAL (ID, HORARIO_APERTURA, HORARIO_CIERRE, INDIVIDUAL) values (9, '16:42', '0:56', 'T');
insert into HOSTAL (ID, HORARIO_APERTURA, HORARIO_CIERRE, INDIVIDUAL) values (10, '12:45', '17:24', 'T');
insert into HOSTAL (ID, HORARIO_APERTURA, HORARIO_CIERRE, INDIVIDUAL) values (11, '8:21', '14:19', 'T');
insert into HOSTAL (ID, HORARIO_APERTURA, HORARIO_CIERRE, INDIVIDUAL) values (12, '0:14', '4:29', 'F');
insert into HOSTAL (ID, HORARIO_APERTURA, HORARIO_CIERRE, INDIVIDUAL) values (13, '13:35', '2:10', 'F');
insert into HOSTAL (ID, HORARIO_APERTURA, HORARIO_CIERRE, INDIVIDUAL) values (14, '16:33', '10:28', 'T');
insert into HOSTAL (ID, HORARIO_APERTURA, HORARIO_CIERRE, INDIVIDUAL) values (15, '17:02', '4:13', 'T');
insert into HOSTAL (ID, HORARIO_APERTURA, HORARIO_CIERRE, INDIVIDUAL) values (16, '4:31', '18:10', 'T');
insert into HOSTAL (ID, HORARIO_APERTURA, HORARIO_CIERRE, INDIVIDUAL) values (17, '3:36', '10:01', 'T');
insert into HOSTAL (ID, HORARIO_APERTURA, HORARIO_CIERRE, INDIVIDUAL) values (18, '17:36', '2:08', 'F');
insert into HOSTAL (ID, HORARIO_APERTURA, HORARIO_CIERRE, INDIVIDUAL) values (19, '12:12', '7:43', 'T');
insert into HOSTAL (ID, HORARIO_APERTURA, HORARIO_CIERRE, INDIVIDUAL) values (20, '23:31', '16:18', 'T');
insert into HOSTAL (ID, HORARIO_APERTURA, HORARIO_CIERRE, INDIVIDUAL) values (21, '1:50', '15:35', 'T');
insert into HOSTAL (ID, HORARIO_APERTURA, HORARIO_CIERRE, INDIVIDUAL) values (22, '2:19', '14:44', 'T');
insert into HOSTAL (ID, HORARIO_APERTURA, HORARIO_CIERRE, INDIVIDUAL) values (23, '10:23', '15:30', 'F');
insert into HOSTAL (ID, HORARIO_APERTURA, HORARIO_CIERRE, INDIVIDUAL) values (24, '22:34', '15:01', 'F');
insert into HOSTAL (ID, HORARIO_APERTURA, HORARIO_CIERRE, INDIVIDUAL) values (25, '13:05', '3:18', 'F');
insert into HOSTAL (ID, HORARIO_APERTURA, HORARIO_CIERRE, INDIVIDUAL) values (26, '9:28', '14:39', 'F');
insert into HOSTAL (ID, HORARIO_APERTURA, HORARIO_CIERRE, INDIVIDUAL) values (27, '1:20', '10:59', 'T');
insert into HOSTAL (ID, HORARIO_APERTURA, HORARIO_CIERRE, INDIVIDUAL) values (28, '15:01', '8:36', 'T');
insert into HOSTAL (ID, HORARIO_APERTURA, HORARIO_CIERRE, INDIVIDUAL) values (29, '16:00', '19:04', 'F');
insert into HOSTAL (ID, HORARIO_APERTURA, HORARIO_CIERRE, INDIVIDUAL) values (30, '3:15', '17:29', 'T');
insert into HOSTAL (ID, HORARIO_APERTURA, HORARIO_CIERRE, INDIVIDUAL) values (31, '18:47', '15:50', 'T');
insert into HOSTAL (ID, HORARIO_APERTURA, HORARIO_CIERRE, INDIVIDUAL) values (32, '7:16', '21:28', 'F');
insert into HOSTAL (ID, HORARIO_APERTURA, HORARIO_CIERRE, INDIVIDUAL) values (33, '12:48', '14:19', 'F');
insert into HOSTAL (ID, HORARIO_APERTURA, HORARIO_CIERRE, INDIVIDUAL) values (34, '11:41', '13:23', 'F');
insert into HOSTAL (ID, HORARIO_APERTURA, HORARIO_CIERRE, INDIVIDUAL) values (35, '14:48', '4:37', 'T');
insert into HOSTAL (ID, HORARIO_APERTURA, HORARIO_CIERRE, INDIVIDUAL) values (36, '22:25', '5:07', 'F');
insert into HOSTAL (ID, HORARIO_APERTURA, HORARIO_CIERRE, INDIVIDUAL) values (37, '15:23', '1:12', 'F');
insert into HOSTAL (ID, HORARIO_APERTURA, HORARIO_CIERRE, INDIVIDUAL) values (38, '8:18', '4:49', 'T');
insert into HOSTAL (ID, HORARIO_APERTURA, HORARIO_CIERRE, INDIVIDUAL) values (39, '8:37', '20:24', 'T');
insert into HOSTAL (ID, HORARIO_APERTURA, HORARIO_CIERRE, INDIVIDUAL) values (40, '7:44', '13:17', 'T');


--HOTEL
insert into HOTEL (ID, TIPO_HABITACION) values (1, 'Suite');
insert into HOTEL (ID, TIPO_HABITACION) values (2, 'Estandar');
insert into HOTEL (ID, TIPO_HABITACION) values (3, 'Suite');
insert into HOTEL (ID, TIPO_HABITACION) values (4, 'Estandar');
insert into HOTEL (ID, TIPO_HABITACION) values (5, 'Suite');
insert into HOTEL (ID, TIPO_HABITACION) values (6, 'Suite');
insert into HOTEL (ID, TIPO_HABITACION) values (7, 'Suite');
insert into HOTEL (ID, TIPO_HABITACION) values (8, 'Estandar');
insert into HOTEL (ID, TIPO_HABITACION) values (9, 'Estandar');
insert into HOTEL (ID, TIPO_HABITACION) values (10, 'Estandar');
insert into HOTEL (ID, TIPO_HABITACION) values (11, 'Estandar');
insert into HOTEL (ID, TIPO_HABITACION) values (12, 'Estandar');
insert into HOTEL (ID, TIPO_HABITACION) values (13, 'Semisuite');
insert into HOTEL (ID, TIPO_HABITACION) values (14, 'Estandar');
insert into HOTEL (ID, TIPO_HABITACION) values (15, 'Suite');
insert into HOTEL (ID, TIPO_HABITACION) values (16, 'Suite');
insert into HOTEL (ID, TIPO_HABITACION) values (17, 'Estandar');
insert into HOTEL (ID, TIPO_HABITACION) values (18, 'Estandar');
insert into HOTEL (ID, TIPO_HABITACION) values (19, 'Suite');
insert into HOTEL (ID, TIPO_HABITACION) values (20, 'Semisuite');
insert into HOTEL (ID, TIPO_HABITACION) values (21, 'Estandar');
insert into HOTEL (ID, TIPO_HABITACION) values (22, 'Estandar');
insert into HOTEL (ID, TIPO_HABITACION) values (23, 'Suite');
insert into HOTEL (ID, TIPO_HABITACION) values (24, 'Estandar');
insert into HOTEL (ID, TIPO_HABITACION) values (25, 'Estandar');
insert into HOTEL (ID, TIPO_HABITACION) values (26, 'Estandar');
insert into HOTEL (ID, TIPO_HABITACION) values (27, 'Semisuite');
insert into HOTEL (ID, TIPO_HABITACION) values (28, 'Suite');
insert into HOTEL (ID, TIPO_HABITACION) values (29, 'Semisuite');
insert into HOTEL (ID, TIPO_HABITACION) values (30, 'Suite');
insert into HOTEL (ID, TIPO_HABITACION) values (31, 'Estandar');
insert into HOTEL (ID, TIPO_HABITACION) values (32, 'Estandar');
insert into HOTEL (ID, TIPO_HABITACION) values (33, 'Estandar');
insert into HOTEL (ID, TIPO_HABITACION) values (34, 'Estandar');
insert into HOTEL (ID, TIPO_HABITACION) values (35, 'Semisuite');
insert into HOTEL (ID, TIPO_HABITACION) values (36, 'Suite');
insert into HOTEL (ID, TIPO_HABITACION) values (37, 'Semisuite');
insert into HOTEL (ID, TIPO_HABITACION) values (38, 'Semisuite');
insert into HOTEL (ID, TIPO_HABITACION) values (39, 'Estandar');
insert into HOTEL (ID, TIPO_HABITACION) values (40, 'Suite');




--RESERVAS
insert into RESERVAS (ID, NUM_DIAS, FECHA_INICIO, FECHA_FIN, CANCELADA, NUM_PERSONAS, FECHA_CANCELACION, CANCELACION_OPORTUNA, PRECIO_TOTAL, TERMINADA, ID_OFERTA, ID_CLIENTE) values (1, 11, '24/05/2017', '27/07/2018', 'T', 9, '16/05/2017', '27/02/2018', 362334, 'F', 6, 40);
insert into RESERVAS (ID, NUM_DIAS, FECHA_INICIO, FECHA_FIN, CANCELADA, NUM_PERSONAS, FECHA_CANCELACION, CANCELACION_OPORTUNA, PRECIO_TOTAL, TERMINADA, ID_OFERTA, ID_CLIENTE) values (2, 334, '01/11/2017', '31/08/2018', 'F', 3, null, '25/11/2017', 971731, 'F', 36, 9);
insert into RESERVAS (ID, NUM_DIAS, FECHA_INICIO, FECHA_FIN, CANCELADA, NUM_PERSONAS, FECHA_CANCELACION, CANCELACION_OPORTUNA, PRECIO_TOTAL, TERMINADA, ID_OFERTA, ID_CLIENTE) values (3, 64, '31/12/2017', '06/07/2018', 'F', 1, null, '21/08/2017', 142695, 'T', 24, 14);
insert into RESERVAS (ID, NUM_DIAS, FECHA_INICIO, FECHA_FIN, CANCELADA, NUM_PERSONAS, FECHA_CANCELACION, CANCELACION_OPORTUNA, PRECIO_TOTAL, TERMINADA, ID_OFERTA, ID_CLIENTE) values (4, 288, '19/10/2017', '13/04/2018', 'T', 4, '22/01/2018', '27/07/2017', 604552, 'T', 19, 7);
insert into RESERVAS (ID, NUM_DIAS, FECHA_INICIO, FECHA_FIN, CANCELADA, NUM_PERSONAS, FECHA_CANCELACION, CANCELACION_OPORTUNA, PRECIO_TOTAL, TERMINADA, ID_OFERTA, ID_CLIENTE) values (5, 140, '26/01/2018', '14/11/2018', 'T', 4, '02/03/2018', '21/10/2017', 237281, 'F', 27, 8);
insert into RESERVAS (ID, NUM_DIAS, FECHA_INICIO, FECHA_FIN, CANCELADA, NUM_PERSONAS, FECHA_CANCELACION, CANCELACION_OPORTUNA, PRECIO_TOTAL, TERMINADA, ID_OFERTA, ID_CLIENTE) values (6, 216, '30/04/2017', '06/05/2018', 'T', 5, '18/08/2017', '05/05/2017', 589734, 'F', 22, 12);
insert into RESERVAS (ID, NUM_DIAS, FECHA_INICIO, FECHA_FIN, CANCELADA, NUM_PERSONAS, FECHA_CANCELACION, CANCELACION_OPORTUNA, PRECIO_TOTAL, TERMINADA, ID_OFERTA, ID_CLIENTE) values (7, 242, '10/03/2018', '31/08/2018', 'T', 10, '17/10/2017', '30/03/2017', 581008, 'T', 12, 34);
insert into RESERVAS (ID, NUM_DIAS, FECHA_INICIO, FECHA_FIN, CANCELADA, NUM_PERSONAS, FECHA_CANCELACION, CANCELACION_OPORTUNA, PRECIO_TOTAL, TERMINADA, ID_OFERTA, ID_CLIENTE) values (8, 294, '06/11/2017', '01/06/2018', 'F', 5,null, '24/01/2018', 962224, 'F', 6, 30);
insert into RESERVAS (ID, NUM_DIAS, FECHA_INICIO, FECHA_FIN, CANCELADA, NUM_PERSONAS, FECHA_CANCELACION, CANCELACION_OPORTUNA, PRECIO_TOTAL, TERMINADA, ID_OFERTA, ID_CLIENTE) values (9, 200, '15/12/2017', '04/04/2018', 'F', 3,null, '18/07/2017', 959233, 'T', 6, 39);
insert into RESERVAS (ID, NUM_DIAS, FECHA_INICIO, FECHA_FIN, CANCELADA, NUM_PERSONAS, FECHA_CANCELACION, CANCELACION_OPORTUNA, PRECIO_TOTAL, TERMINADA, ID_OFERTA, ID_CLIENTE) values (10, 55, '28/03/2017', '06/12/2018', 'F', 9, null, '12/07/2017', 206202, 'F', 33, 36);
insert into RESERVAS (ID, NUM_DIAS, FECHA_INICIO, FECHA_FIN, CANCELADA, NUM_PERSONAS, FECHA_CANCELACION, CANCELACION_OPORTUNA, PRECIO_TOTAL, TERMINADA, ID_OFERTA, ID_CLIENTE) values (11, 168, '16/01/2018', '29/05/2018', 'T', 4, '15/04/2017', '28/10/2017', 600266, 'T', 3, 32);
insert into RESERVAS (ID, NUM_DIAS, FECHA_INICIO, FECHA_FIN, CANCELADA, NUM_PERSONAS, FECHA_CANCELACION, CANCELACION_OPORTUNA, PRECIO_TOTAL, TERMINADA, ID_OFERTA, ID_CLIENTE) values (12, 200, '16/07/2017', '20/04/2018', 'T', 1, '10/10/2017', '24/11/2017', 601571, 'F', 21, 10);
insert into RESERVAS (ID, NUM_DIAS, FECHA_INICIO, FECHA_FIN, CANCELADA, NUM_PERSONAS, FECHA_CANCELACION, CANCELACION_OPORTUNA, PRECIO_TOTAL, TERMINADA, ID_OFERTA, ID_CLIENTE) values (13, 214, '16/11/2017', '16/07/2018', 'T', 9, '17/08/2017', '11/06/2017', 93960, 'F', 4, 31);
insert into RESERVAS (ID, NUM_DIAS, FECHA_INICIO, FECHA_FIN, CANCELADA, NUM_PERSONAS, FECHA_CANCELACION, CANCELACION_OPORTUNA, PRECIO_TOTAL, TERMINADA, ID_OFERTA, ID_CLIENTE) values (14, 18, '12/09/2017', '06/04/2018', 'F', 8, null, '10/02/2018', 266780, 'T', 6, 1);
insert into RESERVAS (ID, NUM_DIAS, FECHA_INICIO, FECHA_FIN, CANCELADA, NUM_PERSONAS, FECHA_CANCELACION, CANCELACION_OPORTUNA, PRECIO_TOTAL, TERMINADA, ID_OFERTA, ID_CLIENTE) values (15, 109, '21/09/2017', '29/07/2018', 'F', 7, null, '27/06/2017', 192768, 'T', 26, 14);
insert into RESERVAS (ID, NUM_DIAS, FECHA_INICIO, FECHA_FIN, CANCELADA, NUM_PERSONAS, FECHA_CANCELACION, CANCELACION_OPORTUNA, PRECIO_TOTAL, TERMINADA, ID_OFERTA, ID_CLIENTE) values (16, 254, '28/04/2017', '18/09/2018', 'T', 8, '16/04/2017', '30/07/2017', 667612, 'T', 28, 22);
insert into RESERVAS (ID, NUM_DIAS, FECHA_INICIO, FECHA_FIN, CANCELADA, NUM_PERSONAS, FECHA_CANCELACION, CANCELACION_OPORTUNA, PRECIO_TOTAL, TERMINADA, ID_OFERTA, ID_CLIENTE) values (17, 205, '23/01/2018', '10/05/2018', 'F', 10, null, '22/11/2017', 811976, 'F', 9, 13);
insert into RESERVAS (ID, NUM_DIAS, FECHA_INICIO, FECHA_FIN, CANCELADA, NUM_PERSONAS, FECHA_CANCELACION, CANCELACION_OPORTUNA, PRECIO_TOTAL, TERMINADA, ID_OFERTA, ID_CLIENTE) values (18, 227, '20/03/2018', '22/05/2018', 'F', 7, null, '17/10/2017', 919572, 'F', 4, 10);
insert into RESERVAS (ID, NUM_DIAS, FECHA_INICIO, FECHA_FIN, CANCELADA, NUM_PERSONAS, FECHA_CANCELACION, CANCELACION_OPORTUNA, PRECIO_TOTAL, TERMINADA, ID_OFERTA, ID_CLIENTE) values (19, 348, '07/08/2017', '29/11/2018', 'T', 6, '16/10/2017', '22/10/2017', 786475, 'F', 30, 21);
insert into RESERVAS (ID, NUM_DIAS, FECHA_INICIO, FECHA_FIN, CANCELADA, NUM_PERSONAS, FECHA_CANCELACION, CANCELACION_OPORTUNA, PRECIO_TOTAL, TERMINADA, ID_OFERTA, ID_CLIENTE) values (20, 113, '08/08/2017', '29/09/2018', 'F', 9, null, '01/08/2017', 769278, 'T', 31, 11);
insert into RESERVAS (ID, NUM_DIAS, FECHA_INICIO, FECHA_FIN, CANCELADA, NUM_PERSONAS, FECHA_CANCELACION, CANCELACION_OPORTUNA, PRECIO_TOTAL, TERMINADA, ID_OFERTA, ID_CLIENTE) values (21, 34, '28/02/2018', '23/10/2018', 'T', 4, '22/01/2018', '02/09/2017', 920143, 'T', 19, 10);
insert into RESERVAS (ID, NUM_DIAS, FECHA_INICIO, FECHA_FIN, CANCELADA, NUM_PERSONAS, FECHA_CANCELACION, CANCELACION_OPORTUNA, PRECIO_TOTAL, TERMINADA, ID_OFERTA, ID_CLIENTE) values (22, 51, '19/12/2017', '07/08/2018', 'T', 3, '13/02/2018', '21/03/2018', 566402, 'F', 4, 38);
insert into RESERVAS (ID, NUM_DIAS, FECHA_INICIO, FECHA_FIN, CANCELADA, NUM_PERSONAS, FECHA_CANCELACION, CANCELACION_OPORTUNA, PRECIO_TOTAL, TERMINADA, ID_OFERTA, ID_CLIENTE) values (23, 223, '08/12/2017', '16/04/2018', 'F', 9, null, '28/05/2017', 478743, 'F', 2, 20);
insert into RESERVAS (ID, NUM_DIAS, FECHA_INICIO, FECHA_FIN, CANCELADA, NUM_PERSONAS, FECHA_CANCELACION, CANCELACION_OPORTUNA, PRECIO_TOTAL, TERMINADA, ID_OFERTA, ID_CLIENTE) values (24, 340, '20/04/2017', '07/10/2018', 'F', 10, null, '20/08/2017', 729789, 'F', 22, 1);
insert into RESERVAS (ID, NUM_DIAS, FECHA_INICIO, FECHA_FIN, CANCELADA, NUM_PERSONAS, FECHA_CANCELACION, CANCELACION_OPORTUNA, PRECIO_TOTAL, TERMINADA, ID_OFERTA, ID_CLIENTE) values (25, 150, '20/08/2017', '25/10/2018', 'F', 6, null, '03/02/2018', 741324, 'T', 6, 10);
insert into RESERVAS (ID, NUM_DIAS, FECHA_INICIO, FECHA_FIN, CANCELADA, NUM_PERSONAS, FECHA_CANCELACION, CANCELACION_OPORTUNA, PRECIO_TOTAL, TERMINADA, ID_OFERTA, ID_CLIENTE) values (26, 56, '25/10/2017', '01/06/2018', 'T', 4, '28/03/2017', '26/04/2017', 998043, 'T', 39, 26);
insert into RESERVAS (ID, NUM_DIAS, FECHA_INICIO, FECHA_FIN, CANCELADA, NUM_PERSONAS, FECHA_CANCELACION, CANCELACION_OPORTUNA, PRECIO_TOTAL, TERMINADA, ID_OFERTA, ID_CLIENTE) values (27, 237, '18/12/2017', '27/09/2018', 'T', 7, '10/01/2018', '31/05/2017', 332948, 'T', 28, 40);
insert into RESERVAS (ID, NUM_DIAS, FECHA_INICIO, FECHA_FIN, CANCELADA, NUM_PERSONAS, FECHA_CANCELACION, CANCELACION_OPORTUNA, PRECIO_TOTAL, TERMINADA, ID_OFERTA, ID_CLIENTE) values (28, 124, '29/08/2017', '09/04/2018', 'T', 3, '06/08/2017', '27/03/2017', 156042, 'T', 28, 3);
insert into RESERVAS (ID, NUM_DIAS, FECHA_INICIO, FECHA_FIN, CANCELADA, NUM_PERSONAS, FECHA_CANCELACION, CANCELACION_OPORTUNA, PRECIO_TOTAL, TERMINADA, ID_OFERTA, ID_CLIENTE) values (29, 60, '16/06/2017', '13/06/2018', 'T', 5, '24/02/2018', '25/10/2017', 198694, 'F', 1, 23);
insert into RESERVAS (ID, NUM_DIAS, FECHA_INICIO, FECHA_FIN, CANCELADA, NUM_PERSONAS, FECHA_CANCELACION, CANCELACION_OPORTUNA, PRECIO_TOTAL, TERMINADA, ID_OFERTA, ID_CLIENTE) values (30, 176, '22/10/2017', '07/12/2018', 'T', 4, '19/01/2018', '18/04/2017', 922303, 'T', 25, 12);
insert into RESERVAS (ID, NUM_DIAS, FECHA_INICIO, FECHA_FIN, CANCELADA, NUM_PERSONAS, FECHA_CANCELACION, CANCELACION_OPORTUNA, PRECIO_TOTAL, TERMINADA, ID_OFERTA, ID_CLIENTE) values (31, 297, '14/06/2017', '04/10/2018', 'F', 8, null, '19/10/2017', 227093, 'F', 7, 29);
insert into RESERVAS (ID, NUM_DIAS, FECHA_INICIO, FECHA_FIN, CANCELADA, NUM_PERSONAS, FECHA_CANCELACION, CANCELACION_OPORTUNA, PRECIO_TOTAL, TERMINADA, ID_OFERTA, ID_CLIENTE) values (32, 240, '11/02/2018', '01/06/2018', 'F', 8, null, '24/02/2018', 941879, 'F', 22, 21);
insert into RESERVAS (ID, NUM_DIAS, FECHA_INICIO, FECHA_FIN, CANCELADA, NUM_PERSONAS, FECHA_CANCELACION, CANCELACION_OPORTUNA, PRECIO_TOTAL, TERMINADA, ID_OFERTA, ID_CLIENTE) values (33, 317, '18/09/2017', '12/09/2018', 'T', 10, '08/05/2017', '05/06/2017', 831509, 'F', 11, 5);
insert into RESERVAS (ID, NUM_DIAS, FECHA_INICIO, FECHA_FIN, CANCELADA, NUM_PERSONAS, FECHA_CANCELACION, CANCELACION_OPORTUNA, PRECIO_TOTAL, TERMINADA, ID_OFERTA, ID_CLIENTE) values (34, 303, '26/07/2017', '29/07/2018', 'T', 7, '26/09/2017', '14/07/2017', 422304, 'T', 10, 39);
insert into RESERVAS (ID, NUM_DIAS, FECHA_INICIO, FECHA_FIN, CANCELADA, NUM_PERSONAS, FECHA_CANCELACION, CANCELACION_OPORTUNA, PRECIO_TOTAL, TERMINADA, ID_OFERTA, ID_CLIENTE) values (35, 364, '28/03/2017', '23/09/2018', 'T', 4, '28/06/2017', '05/08/2017', 290218, 'T', 30, 14);
insert into RESERVAS (ID, NUM_DIAS, FECHA_INICIO, FECHA_FIN, CANCELADA, NUM_PERSONAS, FECHA_CANCELACION, CANCELACION_OPORTUNA, PRECIO_TOTAL, TERMINADA, ID_OFERTA, ID_CLIENTE) values (36, 43, '18/10/2017', '23/11/2018', 'T', 7, '12/04/2017', '01/06/2017', 877206, 'T', 18, 34);
insert into RESERVAS (ID, NUM_DIAS, FECHA_INICIO, FECHA_FIN, CANCELADA, NUM_PERSONAS, FECHA_CANCELACION, CANCELACION_OPORTUNA, PRECIO_TOTAL, TERMINADA, ID_OFERTA, ID_CLIENTE) values (37, 139, '12/10/2017', '17/05/2018', 'F', 5, null, '12/11/2017', 584011, 'F', 3, 40);
insert into RESERVAS (ID, NUM_DIAS, FECHA_INICIO, FECHA_FIN, CANCELADA, NUM_PERSONAS, FECHA_CANCELACION, CANCELACION_OPORTUNA, PRECIO_TOTAL, TERMINADA, ID_OFERTA, ID_CLIENTE) values (38, 67, '05/08/2017', '12/11/2018', 'F', 10, null, '11/08/2017', 711682, 'F', 39, 23);
insert into RESERVAS (ID, NUM_DIAS, FECHA_INICIO, FECHA_FIN, CANCELADA, NUM_PERSONAS, FECHA_CANCELACION, CANCELACION_OPORTUNA, PRECIO_TOTAL, TERMINADA, ID_OFERTA, ID_CLIENTE) values (39, 258, '11/10/2017', '25/05/2018', 'T', 3, '11/12/2017', '20/11/2017', 587460, 'F', 34, 15);
insert into RESERVAS (ID, NUM_DIAS, FECHA_INICIO, FECHA_FIN, CANCELADA, NUM_PERSONAS, FECHA_CANCELACION, CANCELACION_OPORTUNA, PRECIO_TOTAL, TERMINADA, ID_OFERTA, ID_CLIENTE) values (40, 215, '19/10/2017', '09/11/2018', 'T', 5, '21/10/2017', '19/11/2017', 149838, 'F', 8, 5);

--SERVICIOS
insert into SERVICIOS (ID, NOMBRE, DESCRIPCION, COSTO) values (1, 'Inverse', 'Sharable context-sensitive success', 7861);
insert into SERVICIOS (ID, NOMBRE, DESCRIPCION, COSTO) values (2, 'workforce', 'Automated dynamic frame', 467569);
insert into SERVICIOS (ID, NOMBRE, DESCRIPCION, COSTO) values (3, 'executive', 'De-engineered executive conglomeration', 35061);
insert into SERVICIOS (ID, NOMBRE, DESCRIPCION, COSTO) values (4, 'monitoring', 'Versatile coherent firmware', 334102);
insert into SERVICIOS (ID, NOMBRE, DESCRIPCION, COSTO) values (5, 'neutral', 'Front-line intermediate adapter', 170684);
insert into SERVICIOS (ID, NOMBRE, DESCRIPCION, COSTO) values (6, 'Assimilated', 'Team-oriented asynchronous analyzer', 37481);
insert into SERVICIOS (ID, NOMBRE, DESCRIPCION, COSTO) values (7, 'Cloned', 'Multi-lateral exuding Graphical User Interface', 8979);
insert into SERVICIOS (ID, NOMBRE, DESCRIPCION, COSTO) values (8, 'data-warehouse', 'Optimized methodical monitoring', 42644);
insert into SERVICIOS (ID, NOMBRE, DESCRIPCION, COSTO) values (9, 'Upgradable', 'Business-focused mobile software', 5409);
insert into SERVICIOS (ID, NOMBRE, DESCRIPCION, COSTO) values (10, 'initiative', 'Progressive zero administration initiative', 255138);
insert into SERVICIOS (ID, NOMBRE, DESCRIPCION, COSTO) values (11, 'composite', 'Re-contextualized multi-tasking middleware', 116940);
insert into SERVICIOS (ID, NOMBRE, DESCRIPCION, COSTO) values (12, 'Progressive', 'Multi-tiered dynamic neural-net', 294493);
insert into SERVICIOS (ID, NOMBRE, DESCRIPCION, COSTO) values (13, 'Integrated', 'Right-sized bi-directional function', 199317);
insert into SERVICIOS (ID, NOMBRE, DESCRIPCION, COSTO) values (14, 'Operative', 'De-engineered 6th generation utilisation', 79758);
insert into SERVICIOS (ID, NOMBRE, DESCRIPCION, COSTO) values (15, 'system-worthy', 'Distributed well-modulated framework', 325693);
insert into SERVICIOS (ID, NOMBRE, DESCRIPCION, COSTO) values (16, 'Multi-channelled', 'Reduced multi-tasking database', 419911);
insert into SERVICIOS (ID, NOMBRE, DESCRIPCION, COSTO) values (17, 'architecture', 'User-centric logistical hierarchy', 58849);
insert into SERVICIOS (ID, NOMBRE, DESCRIPCION, COSTO) values (18, 'Optional', 'Reverse-engineered context-sensitive methodology', 256510);
insert into SERVICIOS (ID, NOMBRE, DESCRIPCION, COSTO) values (19, 'radical', 'Enterprise-wide needs-based internet solution', 411404);
insert into SERVICIOS (ID, NOMBRE, DESCRIPCION, COSTO) values (20, 'directional', 'Polarised heuristic Graphic Interface', 354191);
insert into SERVICIOS (ID, NOMBRE, DESCRIPCION, COSTO) values (21, 'logistical', 'Face to face disintermediate emulation', 229680);
insert into SERVICIOS (ID, NOMBRE, DESCRIPCION, COSTO) values (22, 'array', 'Realigned background protocol', 231674);
insert into SERVICIOS (ID, NOMBRE, DESCRIPCION, COSTO) values (23, 'Reverse-engineered', 'Multi-tiered value-added challenge', 130926);
insert into SERVICIOS (ID, NOMBRE, DESCRIPCION, COSTO) values (24, 'policy', 'Face to face needs-based application', 427524);
insert into SERVICIOS (ID, NOMBRE, DESCRIPCION, COSTO) values (25, 'mobile', 'Face to face demand-driven secured line', 220088);
insert into SERVICIOS (ID, NOMBRE, DESCRIPCION, COSTO) values (26, 'software', 'Monitored homogeneous algorithm', 91610);
insert into SERVICIOS (ID, NOMBRE, DESCRIPCION, COSTO) values (27, 'emulation', 'User-centric clear-thinking functionalities', 323225);
insert into SERVICIOS (ID, NOMBRE, DESCRIPCION, COSTO) values (28, 'motivating', 'Business-focused discrete interface', 283773);
insert into SERVICIOS (ID, NOMBRE, DESCRIPCION, COSTO) values (29, 'frame', 'Ameliorated contextually-based challenge', 133353);
insert into SERVICIOS (ID, NOMBRE, DESCRIPCION, COSTO) values (30, 'empowering', 'Synergized object-oriented migration', 419004);
insert into SERVICIOS (ID, NOMBRE, DESCRIPCION, COSTO) values (31, 'hierarchy', 'Persistent real-time encoding', 169371);
insert into SERVICIOS (ID, NOMBRE, DESCRIPCION, COSTO) values (32, 'paradigm', 'Ameliorated bifurcated pricing structure', 253082);
insert into SERVICIOS (ID, NOMBRE, DESCRIPCION, COSTO) values (33, 'eco-centric', 'Monitored transitional framework', 95634);
insert into SERVICIOS (ID, NOMBRE, DESCRIPCION, COSTO) values (34, 'transitional', 'Grass-roots even-keeled archive', 393322);
insert into SERVICIOS (ID, NOMBRE, DESCRIPCION, COSTO) values (35, 'core', 'Persevering foreground knowledge base', 108664);
insert into SERVICIOS (ID, NOMBRE, DESCRIPCION, COSTO) values (36, 'leading edge', 'Virtual bi-directional success', 260175);
insert into SERVICIOS (ID, NOMBRE, DESCRIPCION, COSTO) values (37, 'definition', 'Switchable demand-driven methodology', 83973);
insert into SERVICIOS (ID, NOMBRE, DESCRIPCION, COSTO) values (38, 'reciprocal', 'Realigned bandwidth-monitored archive', 479795);
insert into SERVICIOS (ID, NOMBRE, DESCRIPCION, COSTO) values (39, 'Virtual', 'Total needs-based synergy', 462731);
insert into SERVICIOS (ID, NOMBRE, DESCRIPCION, COSTO) values (40, 'migration', 'Pre-emptive content-based methodology', 88302);

--SERVICIOS_PREFERIDOS
insert into SERVICIOS_PREFERIDOS (ID_SERVICIO, ID_CLIENTE) values (30, 37);
insert into SERVICIOS_PREFERIDOS (ID_SERVICIO, ID_CLIENTE) values (19, 12);
insert into SERVICIOS_PREFERIDOS (ID_SERVICIO, ID_CLIENTE) values (8, 29);
insert into SERVICIOS_PREFERIDOS (ID_SERVICIO, ID_CLIENTE) values (35, 21);
insert into SERVICIOS_PREFERIDOS (ID_SERVICIO, ID_CLIENTE) values (1, 11);
insert into SERVICIOS_PREFERIDOS (ID_SERVICIO, ID_CLIENTE) values (13, 34);
insert into SERVICIOS_PREFERIDOS (ID_SERVICIO, ID_CLIENTE) values (7, 15);
insert into SERVICIOS_PREFERIDOS (ID_SERVICIO, ID_CLIENTE) values (28, 23);
insert into SERVICIOS_PREFERIDOS (ID_SERVICIO, ID_CLIENTE) values (13, 18);
insert into SERVICIOS_PREFERIDOS (ID_SERVICIO, ID_CLIENTE) values (27, 33);
insert into SERVICIOS_PREFERIDOS (ID_SERVICIO, ID_CLIENTE) values (5, 17);
insert into SERVICIOS_PREFERIDOS (ID_SERVICIO, ID_CLIENTE) values (23, 25);
insert into SERVICIOS_PREFERIDOS (ID_SERVICIO, ID_CLIENTE) values (4, 22);
insert into SERVICIOS_PREFERIDOS (ID_SERVICIO, ID_CLIENTE) values (13, 5);
insert into SERVICIOS_PREFERIDOS (ID_SERVICIO, ID_CLIENTE) values (17, 11);
insert into SERVICIOS_PREFERIDOS (ID_SERVICIO, ID_CLIENTE) values (11, 36);
insert into SERVICIOS_PREFERIDOS (ID_SERVICIO, ID_CLIENTE) values (16, 2);
insert into SERVICIOS_PREFERIDOS (ID_SERVICIO, ID_CLIENTE) values (11, 14);
insert into SERVICIOS_PREFERIDOS (ID_SERVICIO, ID_CLIENTE) values (4, 28);
insert into SERVICIOS_PREFERIDOS (ID_SERVICIO, ID_CLIENTE) values (17, 18);
insert into SERVICIOS_PREFERIDOS (ID_SERVICIO, ID_CLIENTE) values (30, 1);
insert into SERVICIOS_PREFERIDOS (ID_SERVICIO, ID_CLIENTE) values (18, 18);
insert into SERVICIOS_PREFERIDOS (ID_SERVICIO, ID_CLIENTE) values (17, 25);
insert into SERVICIOS_PREFERIDOS (ID_SERVICIO, ID_CLIENTE) values (35, 23);
insert into SERVICIOS_PREFERIDOS (ID_SERVICIO, ID_CLIENTE) values (24, 8);
insert into SERVICIOS_PREFERIDOS (ID_SERVICIO, ID_CLIENTE) values (31, 30);
insert into SERVICIOS_PREFERIDOS (ID_SERVICIO, ID_CLIENTE) values (25, 26);
insert into SERVICIOS_PREFERIDOS (ID_SERVICIO, ID_CLIENTE) values (39, 32);
insert into SERVICIOS_PREFERIDOS (ID_SERVICIO, ID_CLIENTE) values (37, 40);
insert into SERVICIOS_PREFERIDOS (ID_SERVICIO, ID_CLIENTE) values (30, 11);
insert into SERVICIOS_PREFERIDOS (ID_SERVICIO, ID_CLIENTE) values (31, 30);
insert into SERVICIOS_PREFERIDOS (ID_SERVICIO, ID_CLIENTE) values (2, 17);
insert into SERVICIOS_PREFERIDOS (ID_SERVICIO, ID_CLIENTE) values (24, 39);
insert into SERVICIOS_PREFERIDOS (ID_SERVICIO, ID_CLIENTE) values (38, 5);
insert into SERVICIOS_PREFERIDOS (ID_SERVICIO, ID_CLIENTE) values (23, 16);
insert into SERVICIOS_PREFERIDOS (ID_SERVICIO, ID_CLIENTE) values (27, 8);
insert into SERVICIOS_PREFERIDOS (ID_SERVICIO, ID_CLIENTE) values (26, 3);
insert into SERVICIOS_PREFERIDOS (ID_SERVICIO, ID_CLIENTE) values (6, 2);
insert into SERVICIOS_PREFERIDOS (ID_SERVICIO, ID_CLIENTE) values (33, 20);
insert into SERVICIOS_PREFERIDOS (ID_SERVICIO, ID_CLIENTE) values (15, 33);

--VIVIENDA_UNIVERSITARIA
insert into VIVIENDA_UNIVERSITARIA (ID, NUM_NOCHES, INDIVIDUAL) values (1, 226, 'F');
insert into VIVIENDA_UNIVERSITARIA (ID, NUM_NOCHES, INDIVIDUAL) values (2, 187, 'F');
insert into VIVIENDA_UNIVERSITARIA (ID, NUM_NOCHES, INDIVIDUAL) values (3, 94, 'T');
insert into VIVIENDA_UNIVERSITARIA (ID, NUM_NOCHES, INDIVIDUAL) values (4, 99, 'T');
insert into VIVIENDA_UNIVERSITARIA (ID, NUM_NOCHES, INDIVIDUAL) values (5, 297, 'F');
insert into VIVIENDA_UNIVERSITARIA (ID, NUM_NOCHES, INDIVIDUAL) values (6, 128, 'T');
insert into VIVIENDA_UNIVERSITARIA (ID, NUM_NOCHES, INDIVIDUAL) values (7, 196, 'T');
insert into VIVIENDA_UNIVERSITARIA (ID, NUM_NOCHES, INDIVIDUAL) values (8, 286, 'F');
insert into VIVIENDA_UNIVERSITARIA (ID, NUM_NOCHES, INDIVIDUAL) values (9, 79, 'T');
insert into VIVIENDA_UNIVERSITARIA (ID, NUM_NOCHES, INDIVIDUAL) values (10, 55, 'T');
insert into VIVIENDA_UNIVERSITARIA (ID, NUM_NOCHES, INDIVIDUAL) values (11, 23, 'F');
insert into VIVIENDA_UNIVERSITARIA (ID, NUM_NOCHES, INDIVIDUAL) values (12, 41, 'T');
insert into VIVIENDA_UNIVERSITARIA (ID, NUM_NOCHES, INDIVIDUAL) values (13, 97, 'F');
insert into VIVIENDA_UNIVERSITARIA (ID, NUM_NOCHES, INDIVIDUAL) values (14, 249, 'T');
insert into VIVIENDA_UNIVERSITARIA (ID, NUM_NOCHES, INDIVIDUAL) values (15, 199, 'T');
insert into VIVIENDA_UNIVERSITARIA (ID, NUM_NOCHES, INDIVIDUAL) values (16, 137, 'F');
insert into VIVIENDA_UNIVERSITARIA (ID, NUM_NOCHES, INDIVIDUAL) values (17, 212, 'F');
insert into VIVIENDA_UNIVERSITARIA (ID, NUM_NOCHES, INDIVIDUAL) values (18, 170, 'F');
insert into VIVIENDA_UNIVERSITARIA (ID, NUM_NOCHES, INDIVIDUAL) values (19, 298, 'T');
insert into VIVIENDA_UNIVERSITARIA (ID, NUM_NOCHES, INDIVIDUAL) values (20, 77, 'F');
insert into VIVIENDA_UNIVERSITARIA (ID, NUM_NOCHES, INDIVIDUAL) values (21, 97, 'F');
insert into VIVIENDA_UNIVERSITARIA (ID, NUM_NOCHES, INDIVIDUAL) values (22, 321, 'F');
insert into VIVIENDA_UNIVERSITARIA (ID, NUM_NOCHES, INDIVIDUAL) values (23, 358, 'F');
insert into VIVIENDA_UNIVERSITARIA (ID, NUM_NOCHES, INDIVIDUAL) values (24, 285, 'F');
insert into VIVIENDA_UNIVERSITARIA (ID, NUM_NOCHES, INDIVIDUAL) values (25, 238, 'F');
insert into VIVIENDA_UNIVERSITARIA (ID, NUM_NOCHES, INDIVIDUAL) values (26, 272, 'T');
insert into VIVIENDA_UNIVERSITARIA (ID, NUM_NOCHES, INDIVIDUAL) values (27, 156, 'F');
insert into VIVIENDA_UNIVERSITARIA (ID, NUM_NOCHES, INDIVIDUAL) values (28, 141, 'F');
insert into VIVIENDA_UNIVERSITARIA (ID, NUM_NOCHES, INDIVIDUAL) values (29, 318, 'F');
insert into VIVIENDA_UNIVERSITARIA (ID, NUM_NOCHES, INDIVIDUAL) values (30, 168, 'T');
insert into VIVIENDA_UNIVERSITARIA (ID, NUM_NOCHES, INDIVIDUAL) values (31, 127, 'F');
insert into VIVIENDA_UNIVERSITARIA (ID, NUM_NOCHES, INDIVIDUAL) values (32, 14, 'T');
insert into VIVIENDA_UNIVERSITARIA (ID, NUM_NOCHES, INDIVIDUAL) values (33, 191, 'F');
insert into VIVIENDA_UNIVERSITARIA (ID, NUM_NOCHES, INDIVIDUAL) values (34, 154, 'T');
insert into VIVIENDA_UNIVERSITARIA (ID, NUM_NOCHES, INDIVIDUAL) values (35, 192, 'T');
insert into VIVIENDA_UNIVERSITARIA (ID, NUM_NOCHES, INDIVIDUAL) values (36, 73, 'T');
insert into VIVIENDA_UNIVERSITARIA (ID, NUM_NOCHES, INDIVIDUAL) values (37, 6, 'T');
insert into VIVIENDA_UNIVERSITARIA (ID, NUM_NOCHES, INDIVIDUAL) values (38, 53, 'F');
insert into VIVIENDA_UNIVERSITARIA (ID, NUM_NOCHES, INDIVIDUAL) values (39, 294, 'F');
insert into VIVIENDA_UNIVERSITARIA (ID, NUM_NOCHES, INDIVIDUAL) values (40, 320, 'T');

--OFRECEN
insert into OFRECEN (ID_OFERTA, ID_SERVICIO) values (12, 20);
insert into OFRECEN (ID_OFERTA, ID_SERVICIO) values (12, 25);
insert into OFRECEN (ID_OFERTA, ID_SERVICIO) values (9, 14);
insert into OFRECEN (ID_OFERTA, ID_SERVICIO) values (30, 22);
insert into OFRECEN (ID_OFERTA, ID_SERVICIO) values (27, 19);
insert into OFRECEN (ID_OFERTA, ID_SERVICIO) values (4, 38);
insert into OFRECEN (ID_OFERTA, ID_SERVICIO) values (7, 17);
insert into OFRECEN (ID_OFERTA, ID_SERVICIO) values (3, 27);
insert into OFRECEN (ID_OFERTA, ID_SERVICIO) values (8, 20);
insert into OFRECEN (ID_OFERTA, ID_SERVICIO) values (14, 15);
insert into OFRECEN (ID_OFERTA, ID_SERVICIO) values (27, 11);
insert into OFRECEN (ID_OFERTA, ID_SERVICIO) values (30, 10);
insert into OFRECEN (ID_OFERTA, ID_SERVICIO) values (37, 28);
insert into OFRECEN (ID_OFERTA, ID_SERVICIO) values (14, 16);
insert into OFRECEN (ID_OFERTA, ID_SERVICIO) values (1, 24);
insert into OFRECEN (ID_OFERTA, ID_SERVICIO) values (40, 13);
insert into OFRECEN (ID_OFERTA, ID_SERVICIO) values (11, 26);
insert into OFRECEN (ID_OFERTA, ID_SERVICIO) values (6, 10);
insert into OFRECEN (ID_OFERTA, ID_SERVICIO) values (33, 14);
insert into OFRECEN (ID_OFERTA, ID_SERVICIO) values (7, 7);
insert into OFRECEN (ID_OFERTA, ID_SERVICIO) values (3, 16);
insert into OFRECEN (ID_OFERTA, ID_SERVICIO) values (2, 34);
insert into OFRECEN (ID_OFERTA, ID_SERVICIO) values (18, 26);
insert into OFRECEN (ID_OFERTA, ID_SERVICIO) values (28, 2);
insert into OFRECEN (ID_OFERTA, ID_SERVICIO) values (22, 12);
insert into OFRECEN (ID_OFERTA, ID_SERVICIO) values (36, 29);
insert into OFRECEN (ID_OFERTA, ID_SERVICIO) values (37, 3);
insert into OFRECEN (ID_OFERTA, ID_SERVICIO) values (21, 14);
insert into OFRECEN (ID_OFERTA, ID_SERVICIO) values (35, 4);
insert into OFRECEN (ID_OFERTA, ID_SERVICIO) values (11, 28);
insert into OFRECEN (ID_OFERTA, ID_SERVICIO) values (27, 33);
insert into OFRECEN (ID_OFERTA, ID_SERVICIO) values (29, 40);
insert into OFRECEN (ID_OFERTA, ID_SERVICIO) values (18, 25);
insert into OFRECEN (ID_OFERTA, ID_SERVICIO) values (22, 7);
insert into OFRECEN (ID_OFERTA, ID_SERVICIO) values (20, 27);
insert into OFRECEN (ID_OFERTA, ID_SERVICIO) values (8, 21);
insert into OFRECEN (ID_OFERTA, ID_SERVICIO) values (8, 4);
insert into OFRECEN (ID_OFERTA, ID_SERVICIO) values (32, 5);
insert into OFRECEN (ID_OFERTA, ID_SERVICIO) values (27, 3);
insert into OFRECEN (ID_OFERTA, ID_SERVICIO) values (1, 25);